{"stats":{"minecraft:killed":{"iceandfire:hippogryph":2,"minecraft:vindicator":7,"minecraft:spider":4,"minecraft:cod":11,"minecraft:dolphin":1,"minecraft:skeleton":26,"iceandfire:fire_dragon":1,"minecraft:silverfish":33,"minecraft:drowned":13,"iceandfire:hippocampus":1,"minecraft:wolf":2,"minecraft:parrot":5,"minecraft:zombie_villager":2,"iceandfire:amphithere":1,"minecraft:iron_golem":1,"minecraft:creeper":11,"minecraft:squid":1,"minecraft:sheep":2,"minecraft:pillager":28,"minecraft:donkey":1,"minecraft:zombie":17,"minecraft:ghast":2,"iceandfire:pixie":3,"iceandfire:lightning_dragon":2,"cave_dweller:cave_dweller":7,"minecraft:player":1,"minecraft:villager":5,"iceandfire:sea_serpent":2},"minecraft:crafted":{"minecraft:wooden_sword":1,"minecraft:oak_planks":12,"minecraft:fishing_rod":1,"simplyswords:iron_spear":1,"iceandfire:tide_bronze_boots":1,"minecraft:bow":1,"minecraft:crafting_table":5,"minecraft:spruce_planks":124,"minecraft:wooden_pickaxe":1,"minecraft:oak_wood":3,"minecraft:campfire":1,"minecraft:shield":1,"minecraft:stick":28,"minecraft:wooden_axe":5,"minecraft:torch":8},"minecraft:dropped":{"minecraft:spawner":1,"minecraft:porkchop":5,"minecraft:drowned_spawn_egg":1,"minecraft:feather":1,"simplyswords:runic_greathammer":1,"iceandfire:tide_trident":1,"minecraft:tropical_fish":1,"minecraft:cod":1,"minecraft:ghast_spawn_egg":1,"minecraft:jungle_slab":1,"simplyswords:magiblade":1,"minecraft:glistering_melon_slice":6,"minecraft:string":2,"minecraft:dark_oak_planks":1,"minecraft:bone":4,"morebows:frost_bow":1,"minecraft:redstone":2,"simplyswords:toxic_longsword":1,"bosses_of_mass_destruction:soul_star":3,"minecraft:skeleton_skull":1,"iceandfire:godly_dragon_seeker":1,"minecraft:jungle_stairs":4,"minecraft:chest":1,"simplyswords:iron_spear":1,"minecraft:spruce_slab":12,"minecraft:bow":2,"minecraft:wooden_pickaxe":2,"iceandfire:dragon_skull_lightning":1},"minecraft:custom":{"minecraft:mob_kills":197,"minecraft:interact_with_crafting_table":15,"minecraft:open_barrel":89,"minecraft:interact_with_campfire":4,"minecraft:leave_game":8,"minecraft:time_since_death":8494,"minecraft:climb_one_cm":2380,"minecraft:damage_resisted":95,"minecraft:sprint_one_cm":127936,"minecraft:walk_one_cm":326547,"minecraft:damage_blocked_by_shield":1701,"minecraft:drop":46,"minecraft:talked_to_villager":2,"minecraft:play_time":192572,"minecraft:deaths":12,"minecraft:sneak_time":10196,"minecraft:walk_under_water_one_cm":207056,"minecraft:jump":821,"minecraft:walk_on_water_one_cm":171943,"minecraft:total_world_time":192572,"minecraft:sleep_in_bed":4,"minecraft:time_since_rest":7045,"minecraft:damage_taken":4199,"minecraft:damage_dealt":37742,"minecraft:swim_one_cm":253064,"minecraft:fly_one_cm":1764183,"minecraft:player_kills":1,"minecraft:open_chest":35,"minecraft:crouch_one_cm":16757,"minecraft:fish_caught":4,"minecraft:fall_one_cm":20264},"minecraft:killed_by":{"minecraft:creeper":1,"minecraft:pillager":1,"minecraft:drowned":1,"minecraft:vindicator":1,"minecraft:skeleton":1,"minecraft:zombie":1},"minecraft:mined":{"minecraft:dark_oak_planks":5,"minecraft:spruce_planks":7,"minecraft:white_bed":1,"minecraft:jungle_slab":2,"minecraft:grass_block":4,"minecraft:jungle_planks":1,"minecraft:spawner":5,"minecraft:dark_oak_stairs":1,"minecraft:green_bed":1,"minecraft:spruce_slab":1,"minecraft:rose_bush":3,"minecraft:iron_door":1,"minecraft:wall_torch":1,"minecraft:oak_log":5,"minecraft:dirt":1,"minecraft:crimson_planks":1,"minecraft:cobweb":6,"minecraft:brown_terracotta":2,"minecraft:tripwire_hook":1,"minecraft:oak_leaves":1},"minecraft:picked_up":{"iceandfire:dragon_skull_lightning":2,"minecraft:fishing_rod":2,"minecraft:charcoal":36,"minecraft:turtle_helmet":1,"minecraft:wooden_pickaxe":2,"friendsandfoes:totem_of_illusion":1,"minecraft:potion":2,"minecraft:crimson_planks":3,"minecraft:golden_sword":1,"minecraft:string":40,"minecraft:flint_and_steel":3,"minecraft:iron_leggings":1,"minecraft:quartz_slab":8,"minecraft:item_frame":1,"iceandfire:sea_serpent_scales_bronze":8,"bosses_of_mass_destruction:soul_star":5,"minecraft:spruce_planks":403,"minecraft:rose_bush":3,"minecraft:spruce_slab":19,"minecraft:chest":2,"minecraft:egg":1,"minecraft:stick":44,"iceandfire:dragonbone":61,"minecraft:brown_terracotta":2,"minecraft:copper_ingot":2,"minecraft:torch":17,"minecraft:spruce_fence":3,"minecraft:porkchop":5,"iceandfire:lightning_dragon_flesh":7,"minecraft:carrot":1,"minecraft:drowned_spawn_egg":5,"minecraft:golden_chestplate":2,"minecraft:purple_terracotta":8,"minecraft:dark_oak_planks":11,"minecraft:tnt":54,"minecraft:arrow":62,"minecraft:rotten_flesh":23,"minecraft:cooked_cod":6,"minecraft:jungle_stairs":4,"minecraft:shears":3,"minecraft:glistering_melon_slice":6,"minecraft:mutton":6,"minecraft:cod":6,"minecraft:white_wool":3,"iceandfire:dragonscales_black":41,"minecraft:leather_chestplate":2,"minecraft:feather":3,"iceandfire:sea_serpent_fang":29,"minecraft:iron_door":1,"minecraft:salmon":2,"minecraft:cod_spawn_egg":1,"minecraft:leather":2,"minecraft:flint":155,"minecraft:oak_log":10,"minecraft:chainmail_chestplate":2,"minecraft:gunpowder":516,"minecraft:dirt":5,"minecraft:spawner":1,"minecraft:bone":16,"minecraft:bow":2,"iceandfire:godly_dragon_seeker":1,"minecraft:iron_ingot":182,"minecraft:cobweb":47,"minecraft:glass_bottle":1,"minecraft:dark_oak_stairs":2,"minecraft:sculk_catalyst":1,"iceandfire:amphithere_feather":3,"iceandfire:copper_nugget":36,"minecraft:sweet_berries":4,"minecraft:quartz":288,"iceandfire:shiny_scales":3,"minecraft:jungle_planks":6,"minecraft:ink_sac":1,"minecraft:white_bed":1,"iceandfire:lightning_dragon_heart":1,"minecraft:dark_oak_log":51,"minecraft:jungle_slab":5,"minecraft:spider_eye":1,"minecraft:leather_helmet":1,"minecraft:firework_rocket":76,"minecraft:bundle":1,"minecraft:skeleton_spawn_egg":2,"minecraft:crossbow":1,"iceandfire:sea_serpent_scales_red":24,"minecraft:bone_meal":1,"minecraft:spruce_button":1,"minecraft:emerald":188,"minecraft:coal":3,"iceandfire:tide_trident":1,"minecraft:black_wool":1},"minecraft:broken":{"minecraft:leather_chestplate":1,"minecraft:wooden_sword":1,"minecraft:wooden_axe":5},"minecraft:used":{"iceandfire:tide_trident":16,"iceandfire:silver_sword":9,"minecraft:carved_pumpkin":3,"minecraft:spruce_slab":1,"minecraft:spruce_planks":5,"minecraft:shield":27,"minecraft:rotten_flesh":2,"minecraft:torch":2,"minecraft:dirt":1,"minecraft:jungle_planks":1,"minecraft:chainmail_chestplate":4,"minecraft:jungle_slab":2,"minecraft:golden_chestplate":1,"iceandfire:spawn_egg_hippocampus":1,"minecraft:brown_terracotta":1,"minecraft:wooden_axe":163,"minecraft:dark_oak_planks":3,"minecraft:villager_spawn_egg":12,"friendsandfoes:totem_of_illusion":1,"minecraft:iron_block":15,"minecraft:spawner":4,"morebows:frost_bow":2,"iceandfire:dragonsteel_fire_sword":5,"aquamirae:sharp_bones":1,"minecraft:bow":187,"minecraft:cooked_cod":8,"minecraft:iron_leggings":1,"simplyswords:iron_spear":59,"minecraft:dark_oak_stairs":1,"iceandfire:tide_bronze_boots":1,"cave_dweller:cave_dweller_spawn_egg":16,"simplyswords:runic_greathammer":15,"minecraft:baked_potato":1,"minecraft:wooden_pickaxe":21,"minecraft:leather_chestplate":5,"simplyswords:molten_edge":50,"plushies:iron_golem_plushie":2,"minecraft:crafting_table":5,"minecraft:campfire":1,"minecraft:crossbow":3,"minecraft:white_bed":3,"minecraft:bat_spawn_egg":1,"simplyswords:magiblade":2,"minecraft:ghast_spawn_egg":1,"iceandfire:dragonbone_bow":110,"iceandfire:dragonsteel_ice_sword":16,"simplyswords:shadowsting":50,"aquamirae:cooked_spinefish":1,"minecraft:fishing_rod":6,"minecraft:wooden_sword":47,"minecraft:potion":5,"iceandfire:dragonsteel_lightning_sword":36,"minecraft:pumpkin_pie":5,"iceandfire:dragonegg_red":1,"minecraft:husk_spawn_egg":1,"minecraft:sculk_catalyst":3,"simplyswords:toxic_longsword":79,"minecraft:splash_potion":1,"simplyswords:twisted_blade":27}},"DataVersion":3465}