{"stats":{"minecraft:picked_up":{"minecraft:rotten_flesh":2,"minecraft:gold_nugget":1,"minecraft:dirt":1},"minecraft:killed":{"minecraft:zombified_piglin":2},"minecraft:used":{"minecraft:dirt":1,"minecraft:zombified_piglin_spawn_egg":2},"minecraft:custom":{"minecraft:jump":66,"minecraft:open_chest":1,"minecraft:time_since_rest":7506,"minecraft:leave_game":1,"minecraft:damage_dealt":381,"minecraft:crouch_one_cm":6,"minecraft:sprint_one_cm":4619,"minecraft:play_time":7506,"minecraft:damage_taken":10,"minecraft:time_since_death":7506,"minecraft:walk_one_cm":9704,"minecraft:sneak_time":16,"minecraft:total_world_time":7506,"minecraft:mob_kills":2,"minecraft:fall_one_cm":964,"minecraft:fly_one_cm":7338},"minecraft:mined":{"minecraft:grass":7,"minecraft:grass_block":1}},"DataVersion":3465}