{"stats":{"minecraft:killed":{"minecraft:wolf":2,"iceandfire:hippogryph":2,"minecraft:zombie_villager":2,"iceandfire:amphithere":1,"minecraft:spider":3,"minecraft:iron_golem":1,"minecraft:cod":5,"minecraft:creeper":4,"minecraft:sheep":2,"minecraft:skeleton":19,"minecraft:pillager":2,"minecraft:donkey":1,"minecraft:zombie":7,"iceandfire:fire_dragon":1,"minecraft:ghast":2,"minecraft:silverfish":10,"iceandfire:pixie":3,"iceandfire:lightning_dragon":2,"cave_dweller:cave_dweller":1,"minecraft:villager":5},"minecraft:killed_by":{"minecraft:creeper":1},"minecraft:mined":{"minecraft:grass_block":4,"minecraft:rose_bush":3,"minecraft:dirt":1,"minecraft:oak_leaves":1},"minecraft:used":{"iceandfire:silver_sword":9,"minecraft:carved_pumpkin":3,"cave_dweller:cave_dweller_spawn_egg":9,"minecraft:leather_chestplate":1,"minecraft:dirt":1,"plushies:iron_golem_plushie":2,"minecraft:ghast_spawn_egg":1,"minecraft:villager_spawn_egg":12,"iceandfire:dragonbone_bow":110,"minecraft:iron_block":15,"minecraft:spawner":4,"iceandfire:dragonsteel_fire_sword":5,"simplyswords:shadowsting":50,"iceandfire:dragonsteel_lightning_sword":36,"iceandfire:dragonegg_red":1,"minecraft:husk_spawn_egg":1,"simplyswords:toxic_longsword":74,"minecraft:splash_potion":1},"minecraft:picked_up":{"iceandfire:dragon_skull_lightning":2,"iceandfire:dragonscales_black":41,"minecraft:leather_chestplate":2,"minecraft:leather":2,"friendsandfoes:totem_of_illusion":1,"minecraft:potion":2,"minecraft:golden_sword":1,"minecraft:gunpowder":1,"minecraft:string":2,"minecraft:dirt":5,"minecraft:spawner":1,"minecraft:item_frame":1,"minecraft:bone":10,"minecraft:bow":1,"iceandfire:godly_dragon_seeker":1,"minecraft:iron_ingot":4,"minecraft:rose_bush":3,"minecraft:glass_bottle":1,"minecraft:egg":1,"iceandfire:amphithere_feather":3,"iceandfire:copper_nugget":36,"iceandfire:dragonbone":61,"minecraft:sweet_berries":4,"iceandfire:lightning_dragon_flesh":7,"iceandfire:lightning_dragon_heart":1,"minecraft:spider_eye":1,"minecraft:bundle":1,"minecraft:skeleton_spawn_egg":1,"minecraft:arrow":22,"minecraft:rotten_flesh":1,"minecraft:bone_meal":1,"minecraft:emerald":1,"minecraft:cod":1,"minecraft:black_wool":1,"minecraft:mutton":6,"minecraft:white_wool":3},"minecraft:dropped":{"minecraft:spawner":1,"minecraft:ghast_spawn_egg":1,"iceandfire:godly_dragon_seeker":1,"minecraft:string":2,"iceandfire:dragon_skull_lightning":1},"minecraft:custom":{"minecraft:mob_kills":79,"minecraft:open_barrel":1,"minecraft:leave_game":2,"minecraft:time_since_death":9222,"minecraft:climb_one_cm":532,"minecraft:time_since_rest":10149,"minecraft:sprint_one_cm":55716,"minecraft:damage_taken":1585,"minecraft:walk_one_cm":86626,"minecraft:drop":6,"minecraft:damage_dealt":17641,"minecraft:swim_one_cm":9625,"minecraft:talked_to_villager":2,"minecraft:fly_one_cm":977059,"minecraft:open_chest":2,"minecraft:crouch_one_cm":564,"minecraft:play_time":60365,"minecraft:deaths":5,"minecraft:sneak_time":1378,"minecraft:walk_under_water_one_cm":13836,"minecraft:jump":403,"minecraft:walk_on_water_one_cm":7897,"minecraft:total_world_time":60365,"minecraft:fall_one_cm":16149}},"DataVersion":3465}