{"stats":{"minecraft:killed":{"minecraft:sheep":2,"minecraft:skeleton":3,"minecraft:wolf":2,"iceandfire:hippogryph":2,"minecraft:donkey":1,"minecraft:zombie":7,"iceandfire:fire_dragon":1,"minecraft:zombie_villager":1,"minecraft:ghast":2,"iceandfire:amphithere":1,"minecraft:spider":3,"minecraft:iron_golem":1,"iceandfire:pixie":3,"iceandfire:lightning_dragon":2,"minecraft:villager":5,"minecraft:creeper":4},"minecraft:killed_by":{"minecraft:creeper":1},"minecraft:mined":{"minecraft:grass_block":4,"minecraft:rose_bush":3,"minecraft:dirt":1,"minecraft:oak_leaves":1},"minecraft:used":{"minecraft:ghast_spawn_egg":1,"minecraft:villager_spawn_egg":11,"iceandfire:dragonbone_bow":110,"minecraft:spawner":3,"iceandfire:dragonsteel_fire_sword":5,"minecraft:dirt":1,"iceandfire:dragonsteel_lightning_sword":36,"iceandfire:dragonegg_red":1,"minecraft:splash_potion":1},"minecraft:picked_up":{"iceandfire:amphithere_feather":3,"iceandfire:dragonscales_black":41,"iceandfire:dragon_skull_lightning":2,"iceandfire:copper_nugget":36,"iceandfire:dragonbone":61,"minecraft:leather":2,"iceandfire:lightning_dragon_flesh":7,"iceandfire:lightning_dragon_heart":1,"minecraft:spider_eye":1,"minecraft:dirt":5,"minecraft:string":2,"minecraft:spawner":1,"minecraft:rotten_flesh":1,"minecraft:iron_ingot":4,"iceandfire:godly_dragon_seeker":1,"minecraft:rose_bush":3,"minecraft:black_wool":1,"minecraft:mutton":6,"minecraft:white_wool":3,"minecraft:egg":1},"minecraft:dropped":{"iceandfire:godly_dragon_seeker":1,"minecraft:string":2,"iceandfire:dragon_skull_lightning":1,"minecraft:spawner":1,"minecraft:ghast_spawn_egg":1},"minecraft:custom":{"minecraft:time_since_rest":6466,"minecraft:sprint_one_cm":47907,"minecraft:damage_taken":235,"minecraft:walk_one_cm":36184,"minecraft:mob_kills":42,"minecraft:drop":6,"minecraft:damage_dealt":9790,"minecraft:fly_one_cm":797340,"minecraft:talked_to_villager":2,"minecraft:swim_one_cm":9625,"minecraft:crouch_one_cm":418,"minecraft:play_time":36365,"minecraft:deaths":1,"minecraft:sneak_time":1055,"minecraft:walk_under_water_one_cm":10070,"minecraft:jump":206,"minecraft:leave_game":2,"minecraft:time_since_death":6331,"minecraft:walk_on_water_one_cm":5092,"minecraft:total_world_time":36365,"minecraft:fall_one_cm":1647}},"DataVersion":3465}