{"stats":{"minecraft:picked_up":{"minecraft:dirt":1},"minecraft:used":{"minecraft:dirt":1},"minecraft:custom":{"minecraft:jump":29,"minecraft:open_chest":1,"minecraft:time_since_rest":3972,"minecraft:sprint_one_cm":4619,"minecraft:play_time":3972,"minecraft:damage_taken":10,"minecraft:time_since_death":3972,"minecraft:walk_one_cm":5951,"minecraft:total_world_time":3972,"minecraft:fall_one_cm":964,"minecraft:fly_one_cm":4806},"minecraft:mined":{"minecraft:grass":7,"minecraft:grass_block":1}},"DataVersion":3465}