{"stats":{"minecraft:killed":{"iceandfire:hippocampus":1,"minecraft:wolf":2,"iceandfire:hippogryph":2,"minecraft:zombie_villager":2,"iceandfire:amphithere":1,"minecraft:spider":3,"minecraft:iron_golem":1,"minecraft:cod":8,"minecraft:dolphin":1,"minecraft:creeper":10,"minecraft:squid":1,"minecraft:sheep":2,"minecraft:skeleton":23,"minecraft:pillager":2,"minecraft:donkey":1,"minecraft:zombie":8,"iceandfire:fire_dragon":1,"minecraft:ghast":2,"minecraft:silverfish":33,"minecraft:drowned":1,"iceandfire:pixie":3,"cave_dweller:cave_dweller":7,"iceandfire:lightning_dragon":2,"minecraft:player":1,"minecraft:villager":5},"minecraft:broken":{"minecraft:leather_chestplate":1},"minecraft:used":{"iceandfire:tide_trident":16,"iceandfire:silver_sword":9,"minecraft:carved_pumpkin":3,"cave_dweller:cave_dweller_spawn_egg":16,"simplyswords:runic_greathammer":15,"minecraft:leather_chestplate":5,"minecraft:dirt":1,"plushies:iron_golem_plushie":2,"minecraft:chainmail_chestplate":4,"minecraft:crossbow":1,"iceandfire:spawn_egg_hippocampus":1,"minecraft:bat_spawn_egg":1,"simplyswords:magiblade":2,"minecraft:ghast_spawn_egg":1,"minecraft:villager_spawn_egg":12,"minecraft:iron_block":15,"iceandfire:dragonbone_bow":110,"minecraft:spawner":4,"morebows:frost_bow":2,"iceandfire:dragonsteel_fire_sword":5,"simplyswords:shadowsting":50,"minecraft:bow":95,"iceandfire:dragonsteel_lightning_sword":36,"iceandfire:dragonegg_red":1,"minecraft:husk_spawn_egg":1,"minecraft:splash_potion":1,"simplyswords:toxic_longsword":79},"minecraft:picked_up":{"iceandfire:dragon_skull_lightning":2,"iceandfire:dragonscales_black":41,"minecraft:leather_chestplate":2,"minecraft:turtle_helmet":1,"minecraft:leather":2,"friendsandfoes:totem_of_illusion":1,"minecraft:potion":2,"minecraft:chainmail_chestplate":1,"minecraft:golden_sword":1,"minecraft:gunpowder":5,"minecraft:string":2,"minecraft:dirt":5,"minecraft:spawner":1,"minecraft:item_frame":1,"minecraft:bone":12,"minecraft:bow":2,"iceandfire:godly_dragon_seeker":1,"minecraft:iron_ingot":4,"minecraft:rose_bush":3,"minecraft:glass_bottle":1,"minecraft:egg":1,"iceandfire:amphithere_feather":3,"iceandfire:copper_nugget":36,"iceandfire:dragonbone":61,"minecraft:sweet_berries":4,"iceandfire:shiny_scales":3,"iceandfire:lightning_dragon_flesh":7,"minecraft:ink_sac":1,"iceandfire:lightning_dragon_heart":1,"minecraft:carrot":1,"minecraft:golden_chestplate":1,"minecraft:spider_eye":1,"minecraft:bundle":1,"minecraft:skeleton_spawn_egg":2,"minecraft:arrow":24,"minecraft:rotten_flesh":1,"minecraft:bone_meal":1,"minecraft:emerald":1,"iceandfire:tide_trident":1,"minecraft:black_wool":1,"minecraft:mutton":6,"minecraft:cod":1,"minecraft:white_wool":3},"minecraft:mined":{"minecraft:grass_block":4,"minecraft:rose_bush":3,"minecraft:dirt":1,"minecraft:oak_leaves":1},"minecraft:custom":{"minecraft:mob_kills":126,"minecraft:open_barrel":1,"minecraft:leave_game":4,"minecraft:time_since_death":38041,"minecraft:climb_one_cm":532,"minecraft:time_since_rest":38968,"minecraft:sprint_one_cm":56242,"minecraft:damage_taken":1775,"minecraft:walk_one_cm":117894,"minecraft:drop":18,"minecraft:damage_dealt":19070,"minecraft:fly_one_cm":1323095,"minecraft:talked_to_villager":2,"minecraft:swim_one_cm":47235,"minecraft:player_kills":1,"minecraft:open_chest":3,"minecraft:crouch_one_cm":961,"minecraft:play_time":89184,"minecraft:deaths":5,"minecraft:sneak_time":2631,"minecraft:walk_under_water_one_cm":149111,"minecraft:jump":478,"minecraft:walk_on_water_one_cm":13445,"minecraft:total_world_time":89184,"minecraft:fall_one_cm":16149},"minecraft:dropped":{"simplyswords:toxic_longsword":1,"simplyswords:runic_greathammer":1,"iceandfire:tide_trident":1,"minecraft:ghast_spawn_egg":1,"simplyswords:magiblade":1,"iceandfire:godly_dragon_seeker":1,"minecraft:bow":1,"minecraft:glistering_melon_slice":6,"minecraft:string":2,"morebows:frost_bow":1,"iceandfire:dragon_skull_lightning":1,"minecraft:spawner":1},"minecraft:killed_by":{"minecraft:creeper":1}},"DataVersion":3465}