{"stats":{"minecraft:killed":{"iceandfire:hippogryph":2,"minecraft:vindicator":7,"minecraft:spider":4,"minecraft:cod":11,"minecraft:dolphin":1,"minecraft:skeleton":23,"iceandfire:fire_dragon":1,"minecraft:silverfish":33,"minecraft:drowned":13,"iceandfire:hippocampus":1,"minecraft:wolf":2,"minecraft:parrot":2,"minecraft:zombie_villager":2,"iceandfire:amphithere":1,"minecraft:iron_golem":1,"minecraft:creeper":10,"minecraft:squid":1,"minecraft:sheep":2,"minecraft:pillager":16,"minecraft:donkey":1,"minecraft:zombie":9,"minecraft:ghast":2,"iceandfire:pixie":3,"iceandfire:lightning_dragon":2,"cave_dweller:cave_dweller":7,"minecraft:player":1,"minecraft:villager":5,"iceandfire:sea_serpent":1},"minecraft:crafted":{"minecraft:wooden_sword":1,"minecraft:oak_planks":12,"minecraft:fishing_rod":1,"iceandfire:tide_bronze_boots":1,"minecraft:bow":1,"minecraft:crafting_table":3,"minecraft:wooden_pickaxe":1,"minecraft:oak_wood":3,"minecraft:campfire":1,"minecraft:stick":20,"minecraft:wooden_axe":3},"minecraft:dropped":{"minecraft:spawner":1,"simplyswords:runic_greathammer":1,"iceandfire:tide_trident":1,"minecraft:ghast_spawn_egg":1,"minecraft:jungle_slab":1,"simplyswords:magiblade":1,"minecraft:glistering_melon_slice":6,"minecraft:string":2,"morebows:frost_bow":1,"simplyswords:toxic_longsword":1,"iceandfire:godly_dragon_seeker":1,"minecraft:jungle_stairs":4,"minecraft:spruce_slab":12,"minecraft:bow":1,"iceandfire:dragon_skull_lightning":1},"minecraft:custom":{"minecraft:mob_kills":168,"minecraft:interact_with_crafting_table":10,"minecraft:open_barrel":13,"minecraft:interact_with_campfire":4,"minecraft:leave_game":7,"minecraft:time_since_death":17486,"minecraft:climb_one_cm":2380,"minecraft:sprint_one_cm":66258,"minecraft:walk_one_cm":186657,"minecraft:drop":21,"minecraft:talked_to_villager":2,"minecraft:play_time":150860,"minecraft:deaths":9,"minecraft:sneak_time":8997,"minecraft:walk_under_water_one_cm":198698,"minecraft:jump":681,"minecraft:walk_on_water_one_cm":160290,"minecraft:total_world_time":150860,"minecraft:sleep_in_bed":2,"minecraft:time_since_rest":4324,"minecraft:damage_taken":2759,"minecraft:damage_dealt":31251,"minecraft:swim_one_cm":250982,"minecraft:fly_one_cm":1753911,"minecraft:player_kills":1,"minecraft:open_chest":9,"minecraft:crouch_one_cm":14534,"minecraft:fish_caught":4,"minecraft:fall_one_cm":18342},"minecraft:killed_by":{"minecraft:creeper":1,"minecraft:drowned":1,"minecraft:vindicator":1,"minecraft:skeleton":1},"minecraft:mined":{"minecraft:dark_oak_planks":2,"minecraft:white_bed":1,"minecraft:jungle_slab":2,"minecraft:grass_block":4,"minecraft:jungle_planks":1,"minecraft:spruce_slab":1,"minecraft:rose_bush":3,"minecraft:oak_log":5,"minecraft:dirt":1,"minecraft:crimson_planks":1,"minecraft:cobweb":6,"minecraft:oak_leaves":1},"minecraft:picked_up":{"minecraft:fishing_rod":1,"iceandfire:dragon_skull_lightning":2,"minecraft:turtle_helmet":1,"friendsandfoes:totem_of_illusion":1,"minecraft:potion":2,"minecraft:crimson_planks":3,"minecraft:golden_sword":1,"minecraft:string":12,"minecraft:quartz_slab":8,"minecraft:iron_leggings":1,"minecraft:item_frame":1,"iceandfire:sea_serpent_scales_bronze":8,"minecraft:spruce_planks":42,"minecraft:rose_bush":3,"minecraft:spruce_slab":19,"minecraft:chest":1,"minecraft:egg":1,"minecraft:stick":2,"iceandfire:dragonbone":61,"minecraft:copper_ingot":2,"minecraft:torch":2,"minecraft:spruce_fence":3,"iceandfire:lightning_dragon_flesh":7,"minecraft:carrot":1,"minecraft:drowned_spawn_egg":2,"minecraft:golden_chestplate":2,"minecraft:purple_terracotta":8,"minecraft:dark_oak_planks":8,"minecraft:arrow":38,"minecraft:rotten_flesh":13,"minecraft:cooked_cod":4,"minecraft:jungle_stairs":4,"minecraft:glistering_melon_slice":6,"minecraft:mutton":6,"minecraft:cod":6,"minecraft:white_wool":3,"iceandfire:dragonscales_black":41,"minecraft:leather_chestplate":2,"iceandfire:sea_serpent_fang":2,"minecraft:salmon":2,"minecraft:cod_spawn_egg":1,"minecraft:leather":2,"minecraft:oak_log":10,"minecraft:chainmail_chestplate":2,"minecraft:gunpowder":5,"minecraft:dirt":5,"minecraft:spawner":1,"minecraft:bone":12,"minecraft:bow":2,"iceandfire:godly_dragon_seeker":1,"minecraft:iron_ingot":4,"minecraft:glass_bottle":1,"minecraft:dark_oak_stairs":2,"minecraft:sculk_catalyst":1,"iceandfire:amphithere_feather":3,"iceandfire:copper_nugget":36,"minecraft:sweet_berries":4,"minecraft:quartz":144,"iceandfire:shiny_scales":3,"minecraft:jungle_planks":6,"minecraft:ink_sac":1,"minecraft:white_bed":1,"iceandfire:lightning_dragon_heart":1,"minecraft:jungle_slab":5,"minecraft:spider_eye":1,"minecraft:leather_helmet":1,"minecraft:bundle":1,"minecraft:skeleton_spawn_egg":2,"minecraft:bone_meal":1,"minecraft:spruce_button":1,"minecraft:emerald":10,"iceandfire:tide_trident":1,"minecraft:black_wool":1},"minecraft:broken":{"minecraft:leather_chestplate":1,"minecraft:wooden_sword":1,"minecraft:wooden_axe":1},"minecraft:used":{"iceandfire:tide_trident":16,"iceandfire:silver_sword":9,"minecraft:carved_pumpkin":3,"minecraft:spruce_slab":1,"minecraft:rotten_flesh":2,"minecraft:dirt":1,"minecraft:jungle_planks":1,"minecraft:chainmail_chestplate":4,"minecraft:jungle_slab":2,"minecraft:golden_chestplate":1,"iceandfire:spawn_egg_hippocampus":1,"minecraft:dark_oak_planks":1,"minecraft:wooden_axe":57,"minecraft:villager_spawn_egg":12,"friendsandfoes:totem_of_illusion":1,"minecraft:iron_block":15,"minecraft:spawner":4,"morebows:frost_bow":2,"iceandfire:dragonsteel_fire_sword":5,"minecraft:bow":163,"minecraft:cooked_cod":2,"minecraft:iron_leggings":1,"minecraft:dark_oak_stairs":1,"iceandfire:tide_bronze_boots":1,"cave_dweller:cave_dweller_spawn_egg":16,"simplyswords:runic_greathammer":15,"minecraft:leather_chestplate":5,"plushies:iron_golem_plushie":2,"minecraft:crafting_table":3,"minecraft:campfire":1,"minecraft:crossbow":1,"minecraft:white_bed":3,"minecraft:bat_spawn_egg":1,"simplyswords:magiblade":2,"minecraft:ghast_spawn_egg":1,"iceandfire:dragonbone_bow":110,"iceandfire:dragonsteel_ice_sword":16,"simplyswords:shadowsting":50,"minecraft:fishing_rod":6,"minecraft:wooden_sword":47,"minecraft:potion":5,"iceandfire:dragonsteel_lightning_sword":36,"iceandfire:dragonegg_red":1,"minecraft:husk_spawn_egg":1,"minecraft:sculk_catalyst":3,"simplyswords:toxic_longsword":79,"minecraft:splash_potion":1,"simplyswords:twisted_blade":27}},"DataVersion":3465}