{"stats":{"minecraft:picked_up":{"iceandfire:dragonscales_black":41,"iceandfire:dragon_skull_lightning":2,"minecraft:leather_chestplate":2,"minecraft:turtle_helmet":1,"minecraft:leather":2,"friendsandfoes:totem_of_illusion":1,"minecraft:potion":2,"minecraft:oak_log":7,"minecraft:chainmail_chestplate":2,"minecraft:crimson_planks":2,"minecraft:golden_sword":1,"minecraft:gunpowder":5,"minecraft:dirt":5,"minecraft:string":8,"minecraft:iron_leggings":1,"minecraft:spawner":1,"minecraft:item_frame":1,"minecraft:bone":12,"minecraft:bow":2,"iceandfire:godly_dragon_seeker":1,"minecraft:iron_ingot":4,"minecraft:rose_bush":3,"minecraft:spruce_slab":7,"minecraft:glass_bottle":1,"minecraft:egg":1,"minecraft:sculk_catalyst":1,"iceandfire:amphithere_feather":3,"iceandfire:copper_nugget":36,"iceandfire:dragonbone":61,"minecraft:sweet_berries":4,"minecraft:torch":2,"minecraft:quartz":96,"iceandfire:shiny_scales":3,"minecraft:jungle_planks":4,"iceandfire:lightning_dragon_flesh":7,"minecraft:ink_sac":1,"minecraft:white_bed":1,"minecraft:carrot":1,"iceandfire:lightning_dragon_heart":1,"minecraft:jungle_slab":2,"minecraft:golden_chestplate":1,"minecraft:spider_eye":1,"minecraft:dark_oak_planks":2,"minecraft:bundle":1,"minecraft:skeleton_spawn_egg":2,"minecraft:arrow":24,"minecraft:rotten_flesh":3,"minecraft:glistering_melon_slice":6,"minecraft:bone_meal":1,"minecraft:emerald":1,"iceandfire:tide_trident":1,"minecraft:black_wool":1,"minecraft:mutton":6,"minecraft:cod":3,"minecraft:white_wool":3},"minecraft:crafted":{"minecraft:wooden_sword":1,"minecraft:oak_planks":12,"minecraft:fishing_rod":1,"minecraft:crafting_table":1,"minecraft:oak_wood":3,"minecraft:stick":8,"minecraft:wooden_axe":1},"minecraft:mined":{"minecraft:white_bed":1,"minecraft:jungle_slab":1,"minecraft:grass_block":4,"minecraft:jungle_planks":1,"minecraft:rose_bush":3,"minecraft:oak_log":4,"minecraft:dirt":1,"minecraft:crimson_planks":1,"minecraft:cobweb":6,"minecraft:spruce_slab":1,"minecraft:oak_leaves":1,"minecraft:dark_oak_planks":1},"minecraft:used":{"iceandfire:tide_trident":16,"iceandfire:silver_sword":9,"minecraft:carved_pumpkin":3,"cave_dweller:cave_dweller_spawn_egg":16,"minecraft:spruce_slab":1,"simplyswords:runic_greathammer":15,"minecraft:leather_chestplate":5,"minecraft:dirt":1,"plushies:iron_golem_plushie":2,"minecraft:crafting_table":1,"minecraft:jungle_planks":1,"minecraft:chainmail_chestplate":4,"minecraft:crossbow":1,"minecraft:white_bed":3,"iceandfire:spawn_egg_hippocampus":1,"minecraft:bat_spawn_egg":1,"simplyswords:magiblade":2,"minecraft:ghast_spawn_egg":1,"minecraft:villager_spawn_egg":12,"friendsandfoes:totem_of_illusion":1,"minecraft:iron_block":15,"iceandfire:dragonbone_bow":110,"minecraft:spawner":4,"morebows:frost_bow":2,"iceandfire:dragonsteel_fire_sword":5,"iceandfire:dragonsteel_ice_sword":16,"minecraft:fishing_rod":2,"simplyswords:shadowsting":50,"minecraft:wooden_sword":12,"minecraft:potion":5,"minecraft:bow":163,"iceandfire:dragonsteel_lightning_sword":36,"iceandfire:dragonegg_red":1,"minecraft:husk_spawn_egg":1,"minecraft:sculk_catalyst":3,"minecraft:splash_potion":1,"simplyswords:toxic_longsword":79,"minecraft:iron_leggings":1},"minecraft:custom":{"minecraft:mob_kills":134,"minecraft:interact_with_crafting_table":4,"minecraft:open_barrel":1,"minecraft:leave_game":7,"minecraft:time_since_death":4996,"minecraft:sleep_in_bed":1,"minecraft:climb_one_cm":2380,"minecraft:time_since_rest":5130,"minecraft:sprint_one_cm":62623,"minecraft:damage_taken":2353,"minecraft:walk_one_cm":159264,"minecraft:drop":18,"minecraft:damage_dealt":24564,"minecraft:fly_one_cm":1740464,"minecraft:talked_to_villager":2,"minecraft:swim_one_cm":122667,"minecraft:player_kills":1,"minecraft:open_chest":7,"minecraft:crouch_one_cm":13479,"minecraft:play_time":127540,"minecraft:deaths":8,"minecraft:sneak_time":6575,"minecraft:walk_under_water_one_cm":165092,"minecraft:jump":604,"minecraft:fish_caught":2,"minecraft:walk_on_water_one_cm":76185,"minecraft:total_world_time":127540,"minecraft:fall_one_cm":17105},"minecraft:killed_by":{"minecraft:vindicator":1,"minecraft:skeleton":1,"minecraft:creeper":1},"minecraft:broken":{"minecraft:leather_chestplate":1},"minecraft:killed":{"iceandfire:hippocampus":1,"minecraft:wolf":2,"minecraft:parrot":2,"iceandfire:hippogryph":2,"minecraft:zombie_villager":2,"iceandfire:amphithere":1,"minecraft:spider":4,"minecraft:vindicator":1,"minecraft:iron_golem":1,"minecraft:cod":8,"minecraft:dolphin":1,"minecraft:creeper":10,"minecraft:squid":1,"minecraft:sheep":2,"minecraft:skeleton":23,"minecraft:pillager":4,"minecraft:donkey":1,"minecraft:zombie":9,"iceandfire:fire_dragon":1,"minecraft:ghast":2,"minecraft:silverfish":33,"minecraft:drowned":1,"iceandfire:pixie":3,"cave_dweller:cave_dweller":7,"iceandfire:lightning_dragon":2,"minecraft:player":1,"minecraft:villager":5},"minecraft:dropped":{"simplyswords:toxic_longsword":1,"simplyswords:runic_greathammer":1,"iceandfire:tide_trident":1,"minecraft:ghast_spawn_egg":1,"simplyswords:magiblade":1,"iceandfire:godly_dragon_seeker":1,"minecraft:bow":1,"minecraft:glistering_melon_slice":6,"minecraft:string":2,"morebows:frost_bow":1,"iceandfire:dragon_skull_lightning":1,"minecraft:spawner":1}},"DataVersion":3465}