{"stats":{"minecraft:picked_up":{"minecraft:sculk_catalyst":1,"simplyswords:toxic_longsword":1,"minecraft:sand":5,"cave_dweller:cave_dweller_spawn_egg":3,"morebows:frost_bow":1,"simplyswords:magiblade":1,"simplyswords:runic_greathammer":1,"minecraft:glistering_melon_slice":12},"minecraft:mined":{"minecraft:sand":5},"minecraft:used":{"simplyswords:magiblade":3,"iceandfire:spawn_egg_amphithere":3,"cave_dweller:cave_dweller_spawn_egg":8,"adventurez:spawn_dragon":1,"simplyswords:runic_greathammer":11,"morebows:frost_bow":15,"minecraft:torch":95,"iceandfire:silver_ore":1,"minecraft:sand":5,"iceandfire:spawn_egg_hippogryph":21,"minecraft:sculk_shrieker":4,"simplyswords:toxic_longsword":10},"minecraft:custom":{"minecraft:time_since_rest":1655,"minecraft:sprint_one_cm":8230,"minecraft:damage_taken":850,"minecraft:walk_one_cm":53144,"minecraft:mob_kills":5,"minecraft:drop":3,"minecraft:damage_dealt":3245,"minecraft:swim_one_cm":52572,"minecraft:fly_one_cm":612685,"minecraft:crouch_one_cm":4288,"minecraft:play_time":39547,"minecraft:deaths":5,"minecraft:sneak_time":2026,"minecraft:walk_under_water_one_cm":14464,"minecraft:jump":330,"minecraft:leave_game":4,"minecraft:time_since_death":1523,"minecraft:walk_on_water_one_cm":21569,"minecraft:sleep_in_bed":1,"minecraft:total_world_time":39547,"minecraft:climb_one_cm":583,"minecraft:fall_one_cm":2733},"minecraft:killed_by":{"minecraft:player":1,"cave_dweller:cave_dweller":1,"iceandfire:sea_serpent":1},"minecraft:killed":{"minecraft:salmon":1,"cave_dweller:cave_dweller":1,"minecraft:warden":2,"adventurez:dragon":1},"minecraft:dropped":{"cave_dweller:cave_dweller_spawn_egg":1,"adventurez:spawn_dragon":1,"iceandfire:spawn_egg_amphithere":1}},"DataVersion":3465}