{"stats":{"minecraft:picked_up":{"minecraft:sculk_catalyst":1,"simplyswords:toxic_longsword":1,"minecraft:spruce_stairs":1,"minecraft:jungle_planks":3,"minecraft:sand":5,"minecraft:oak_log":3,"minecraft:gunpowder":20,"cave_dweller:cave_dweller_spawn_egg":3,"minecraft:jungle_slab":5,"morebows:frost_bow":1,"simplyswords:magiblade":1,"minecraft:dark_oak_planks":4,"minecraft:tnt":15,"minecraft:arrow":2,"simplyswords:runic_greathammer":1,"minecraft:spruce_wood":37,"minecraft:spruce_planks":6,"minecraft:glistering_melon_slice":12,"minecraft:spruce_slab":6,"minecraft:coal":6},"minecraft:crafted":{"minecraft:spruce_planks":48,"minecraft:spruce_button":4},"minecraft:mined":{"minecraft:spruce_planks":6,"minecraft:jungle_slab":1,"minecraft:jungle_planks":3,"minecraft:sand":5,"minecraft:spruce_slab":5},"minecraft:used":{"simplyswords:magiblade":3,"iceandfire:spawn_egg_amphithere":3,"cave_dweller:cave_dweller_spawn_egg":8,"adventurez:spawn_dragon":1,"minecraft:spruce_slab":3,"simplyswords:runic_greathammer":11,"minecraft:spruce_button":3,"minecraft:iron_helmet":2,"minecraft:spruce_planks":26,"minecraft:iron_boots":2,"morebows:frost_bow":15,"minecraft:torch":95,"iceandfire:silver_ore":1,"minecraft:sand":5,"minecraft:tnt":3,"minecraft:jungle_planks":1,"iceandfire:spawn_egg_hippogryph":21,"minecraft:sculk_shrieker":4,"simplyswords:toxic_longsword":10,"minecraft:cobweb":7,"minecraft:iron_leggings":1},"minecraft:custom":{"minecraft:time_since_rest":4127,"minecraft:sprint_one_cm":27574,"minecraft:damage_taken":2711,"minecraft:walk_one_cm":100993,"minecraft:mob_kills":10,"minecraft:drop":4,"minecraft:damage_dealt":4030,"minecraft:swim_one_cm":112426,"minecraft:fly_one_cm":631882,"minecraft:open_barrel":7,"minecraft:open_chest":16,"minecraft:crouch_one_cm":16923,"minecraft:play_time":57547,"minecraft:deaths":11,"minecraft:sneak_time":5803,"minecraft:walk_under_water_one_cm":21603,"minecraft:jump":452,"minecraft:leave_game":4,"minecraft:time_since_death":3992,"minecraft:walk_on_water_one_cm":44073,"minecraft:sleep_in_bed":1,"minecraft:total_world_time":57547,"minecraft:climb_one_cm":1907,"minecraft:fall_one_cm":11933},"minecraft:killed_by":{"minecraft:vindicator":3,"minecraft:player":1,"cave_dweller:cave_dweller":1,"iceandfire:sea_serpent":1,"minecraft:zombie":1,"minecraft:pillager":1},"minecraft:killed":{"minecraft:zombie":1,"minecraft:salmon":1,"minecraft:vindicator":2,"cave_dweller:cave_dweller":1,"minecraft:warden":2,"adventurez:dragon":1},"minecraft:dropped":{"cave_dweller:cave_dweller_spawn_egg":1,"minecraft:iron_leggings":1,"adventurez:spawn_dragon":1,"iceandfire:spawn_egg_amphithere":1}},"DataVersion":3465}