{"stats":{"minecraft:killed":{"cave_dweller:cave_dweller":1,"minecraft:salmon":1},"minecraft:used":{"iceandfire:silver_ore":1,"minecraft:torch":18,"cave_dweller:cave_dweller_spawn_egg":8,"iceandfire:spawn_egg_hippogryph":21,"simplyswords:runic_greathammer":6,"morebows:frost_bow":5},"minecraft:picked_up":{"simplyswords:toxic_longsword":1,"simplyswords:runic_greathammer":1,"minecraft:glistering_melon_slice":12,"cave_dweller:cave_dweller_spawn_egg":3,"morebows:frost_bow":1,"simplyswords:magiblade":1},"minecraft:custom":{"minecraft:time_since_rest":11014,"minecraft:crouch_one_cm":1038,"minecraft:play_time":15004,"minecraft:sprint_one_cm":7649,"minecraft:deaths":3,"minecraft:damage_taken":570,"minecraft:walk_one_cm":29223,"minecraft:sneak_time":381,"minecraft:walk_under_water_one_cm":3223,"minecraft:mob_kills":2,"minecraft:jump":158,"minecraft:damage_dealt":921,"minecraft:leave_game":2,"minecraft:walk_on_water_one_cm":4596,"minecraft:time_since_death":10881,"minecraft:total_world_time":15004,"minecraft:fall_one_cm":2524,"minecraft:fly_one_cm":169300},"minecraft:killed_by":{"minecraft:player":1,"cave_dweller:cave_dweller":1}},"DataVersion":3465}