{"stats":{"minecraft:picked_up":{"minecraft:sculk_catalyst":1,"simplyswords:toxic_longsword":1,"simplyswords:runic_greathammer":1,"minecraft:glistering_melon_slice":12,"cave_dweller:cave_dweller_spawn_egg":3,"morebows:frost_bow":1,"simplyswords:magiblade":1},"minecraft:used":{"simplyswords:magiblade":3,"iceandfire:silver_ore":1,"minecraft:torch":95,"cave_dweller:cave_dweller_spawn_egg":8,"iceandfire:spawn_egg_hippogryph":21,"simplyswords:runic_greathammer":11,"minecraft:sculk_shrieker":4,"morebows:frost_bow":15,"simplyswords:toxic_longsword":10},"minecraft:custom":{"minecraft:time_since_rest":23557,"minecraft:crouch_one_cm":2251,"minecraft:play_time":27547,"minecraft:sprint_one_cm":7948,"minecraft:deaths":3,"minecraft:damage_taken":570,"minecraft:walk_one_cm":43347,"minecraft:sneak_time":1211,"minecraft:walk_under_water_one_cm":7392,"minecraft:mob_kills":4,"minecraft:jump":273,"minecraft:damage_dealt":2651,"minecraft:leave_game":4,"minecraft:walk_on_water_one_cm":5725,"minecraft:time_since_death":23424,"minecraft:climb_one_cm":6,"minecraft:total_world_time":27547,"minecraft:fall_one_cm":2524,"minecraft:fly_one_cm":510827},"minecraft:killed_by":{"minecraft:player":1,"cave_dweller:cave_dweller":1},"minecraft:killed":{"cave_dweller:cave_dweller":1,"minecraft:warden":2,"minecraft:salmon":1}},"DataVersion":3465}