{"stats":{"minecraft:picked_up":{"minecraft:sculk_catalyst":1,"simplyswords:toxic_longsword":1,"minecraft:jungle_planks":3,"minecraft:sand":5,"minecraft:oak_log":1,"cave_dweller:cave_dweller_spawn_egg":3,"morebows:frost_bow":1,"simplyswords:magiblade":1,"simplyswords:runic_greathammer":1,"minecraft:spruce_planks":2,"minecraft:glistering_melon_slice":12,"minecraft:spruce_slab":6},"minecraft:mined":{"minecraft:spruce_planks":2,"minecraft:jungle_planks":3,"minecraft:sand":5,"minecraft:spruce_slab":5},"minecraft:used":{"simplyswords:magiblade":3,"iceandfire:spawn_egg_amphithere":3,"cave_dweller:cave_dweller_spawn_egg":8,"adventurez:spawn_dragon":1,"minecraft:spruce_slab":3,"simplyswords:runic_greathammer":11,"minecraft:iron_helmet":2,"minecraft:spruce_planks":2,"minecraft:iron_boots":2,"morebows:frost_bow":15,"minecraft:torch":95,"iceandfire:silver_ore":1,"minecraft:sand":5,"minecraft:jungle_planks":1,"iceandfire:spawn_egg_hippogryph":21,"minecraft:sculk_shrieker":4,"simplyswords:toxic_longsword":10,"minecraft:cobweb":7,"minecraft:iron_leggings":1},"minecraft:custom":{"minecraft:time_since_rest":1983,"minecraft:sprint_one_cm":23415,"minecraft:damage_taken":1860,"minecraft:walk_one_cm":78681,"minecraft:mob_kills":7,"minecraft:drop":4,"minecraft:damage_dealt":3545,"minecraft:swim_one_cm":112426,"minecraft:fly_one_cm":630139,"minecraft:open_barrel":5,"minecraft:open_chest":14,"minecraft:crouch_one_cm":13130,"minecraft:play_time":51547,"minecraft:deaths":8,"minecraft:sneak_time":4507,"minecraft:walk_under_water_one_cm":21603,"minecraft:jump":410,"minecraft:leave_game":4,"minecraft:time_since_death":1850,"minecraft:walk_on_water_one_cm":44073,"minecraft:sleep_in_bed":1,"minecraft:total_world_time":51547,"minecraft:climb_one_cm":1907,"minecraft:fall_one_cm":11933},"minecraft:killed_by":{"minecraft:vindicator":1,"minecraft:player":1,"cave_dweller:cave_dweller":1,"iceandfire:sea_serpent":1,"minecraft:zombie":1},"minecraft:killed":{"minecraft:zombie":1,"minecraft:salmon":1,"minecraft:vindicator":1,"cave_dweller:cave_dweller":1,"minecraft:warden":2,"adventurez:dragon":1},"minecraft:dropped":{"cave_dweller:cave_dweller_spawn_egg":1,"minecraft:iron_leggings":1,"adventurez:spawn_dragon":1,"iceandfire:spawn_egg_amphithere":1}},"DataVersion":3465}